smiles,g298_atom
CC1N(C)C(C)(C)C1=O,-1905.907357831
CCC(C)C1NC1C#N,-1847.7410385851
O=CN1CC1(C=O)C#N,-1299.035246314
O=CC1(CN1)C1CCO1,-1603.155600637
CC1C2OCC(C#C)C12,-1753.233163113
CC1=NC(CC#C)CO1,-1675.493583139
CC1OC2CC1(O)CO2,-1685.474741293
COC1(C)CC11COC1,-1814.3418720601
CC#CC(C)NCC=O,-1776.8231089501
CCCOC(=O)CC=O,-1716.015604323
CC1C(=O)OC1(C)C=O,-1597.856287132
CC1(COCO1)C(N)=O,-1601.7242526081
CN1C=NC(C=O)C1=N,-1483.263731097
Cc1c(nc(=O)on1)N,-1320.851851717
CCc1c(cc[nH]1)C#C,-1743.3065982421
CC1C2CC3CCC2C13,-2065.504231837
O=COC12C3C4C1N4C23,-1327.743155555
ON=C1CC2(O)CNC12,-1463.3422028741
CCN1C2C3OC2(C)C13,-1719.979578676
O=CC1C2CC3CC3N12,-1649.786421936
C#CC12CC(N1)C21CN1,-1533.2416854021
CCC(C)N(C)CC#N,-1965.1460899581
CCC#CC1(C)NC1C,-1933.6740035721
O=CC12OCC1N1CC21,-1463.719963292
CNC1CC(O)C1C#N,-1678.347494071
C1CC(C1)(C#N)C#N,-1378.573267082
CC(O)C(O)C(=O)C=O,-1527.850128074
O=CC12OC3C1OC23,-1124.837492896
COC1CCNCC1=O,-1742.7757256281
c1c(ocn1)N=CN,-1239.042875878
OC1C[NH2+]C(C1)C([O-])=O,-1601.4826616431
O=C1C(OC1C#N)C#N,-1183.483229018
C1COCCC2OC2C1,-1832.2999246221
CCCCC(=O)C1CC1,-2024.7299520351
ON=C1CC2COC12,-1319.284334235
COC1CC(O)C(C)O1,-1801.3292179271
O=C1C2OC2CC1C#N,-1412.363371714
CCC(CCO)C(C)=O,-1974.31274143
CCC(O)C1=NON=N1,-1384.1907276501
CCC1(CC1)NCC#N,-1844.0606983
CC1(C)NC1C(O)C#C,-1754.086575353
CN(C)CC(C=O)C#N,-1688.095846386
OCC12C(O)C1C1CN21,-1558.023898339
NC(=O)OCC(O)C=O,-1444.882143112
CC12CCCC11CC2O1,-1855.1261920061
CN1CC(O)(C#N)C1=N,-1465.380352106
CC1(O)CC2(CN2)C=C1,-1781.50432609
CCC12OC1C1NC21,-1473.620172785
NC(=O)C#CC1CCO1,-1504.144720581
CC1CC2C3C4C1C2N34,-1813.5537207561
CC#Cc1c([nH]cn1)O,-1474.230739042
CN1CC1CC(=O)C=O,-1617.029824627
OC1C=CCC1C1CC1,-1892.048821566
CCC(CO)C1CC1,-1860.30690631
Cc1cn(c(c1C)N)C,-1877.668825322
O=C1C2CN3C4C3C1C24,-1540.294886562
N#CC1NC1C1CN1,-1346.662551905
c1c(ncnc1F)N,-1185.201976169
C1CCC=C(CC1)C=O,-1921.4545208151
CC1(CO1)C1(CC1)C#C,-1745.92456579
Cn1cc(cn1)CO,-1441.700044973
C1C2CC3=NON=C3N12,-1308.448508823
C1C2C3CC(C4OC34)N12,-1640.875794136
COC12CC1C(C2)C#N,-1661.8665976951
CC(NCC#N)C(N)=O,-1603.508888204
CCOC1CC1C#C,-1609.658476404
CCC1C2CN1C2C#C,-1769.941845256
CC1C2NC1C2(O)C#N,-1533.351499477
CN=c1occ(o1)N,-1273.981949489
O=C1C2CC3CC1C2O3,-1634.0729690671
CC1C2CC(C)(O2)C1C,-2007.0856539731
OCC(O)CN1CC1,-1568.719789244
CCC(OC)C(=O)CC,-1970.444775954
OC12CC(COC1)C=C2,-1732.9683874671
CCCCC#CC(=O)N,-1805.6301646131
C#Cc1c(cc([nH]1)O)N,-1463.571871168
OCC1OCCC1C=O,-1687.024061014
CC1(O)CC(=O)C11CC1,-1733.7352034651
CC1(CC1O)OC=O,-1429.592886327
CCC(=O)C12CN(C1)C2,-1753.9334631571
Cc1c(nc(o1)O)C#C,-1413.905788836
CCC1CC11OCC1C,-1994.718079092
OCC1C2CC2N1C=O,-1616.8139615311
COC1CC1OCC#C,-1679.687225786
N#CC12COC1=NCC2,-1450.701034069
CC12CCCOC1CO2,-1841.3887649781
CC1OC1CCCC#N,-1795.8510643571
c1c(=O)onc(n1)C#N,-1073.5674975601
O=C1C2CC3(CO3)C1O2,-1429.1247646131
C1CC1(CO)C2COC2,-1815.2134820611
COC1CC(C)C1C#C,-1866.3799384121
CNc1cnoc1CO,-1507.882164185
CC12CC(N1C=O)C2=O,-1494.2350984531
c1c(nc(oc1=O)F)N,-1224.745710822
CCc1coc(n1)NC,-1712.4551182571
C1C=CCOCOC=N1,-1614.5097484831
C#CCOC(=N)NC=O,-1401.072602277
CC(C)C#CC1(C)CN1,-1932.517504485
OC1CC2(C1)C1COC21,-1689.832791298
CC(=O)C1CC1O,-1344.137455689
CC(C)(CC#C)C1CO1,-1866.0341809531
CCN=COCC(=O)C,-1749.392808033
OCC1OC1COC=O,-1510.838359084
Cc1c(cncc1F)F,-1406.844430059
O=C1CC(O1)C#C,-1105.3784388061
C1C2CC1C1=C2ON=N1,-1445.1293816581
OC(C#C)C1(O)CC1,-1441.53877516
COC(=O)NCC(C)O,-1719.1801322101
CCCC12C3C4C3C1C24,-1882.3964781281
C1CC1(CCC(=O)N)O,-1754.5973676791
OC1C2CC1N(C2)C=O,-1626.92375903
CCC12CC(O)(C1)C2O,-1818.873114549
CCOCCN=COC,-1844.355000021
CCC(=O)OC(C)C#C,-1741.796184079
OCC12NC3C4C1N4C23,-1500.011946307
CC(CC1CO1)NC=O,-1746.31362137
ON=C1CC2CC(O)C12,-1579.84803385
C1C2OC=NC3CC2C13,-1661.440519084
CC12CC(CO1)C2O,-1579.4501931441
C1CN2C1C21CC2NC12,-1670.754635171
NC(=O)C(O)C(O)C=O,-1441.444021301
ON=C1C=CCC2NC12,-1542.877713606
O=CCC1CCN1C=O,-1639.7851834941
CC1(CO1)C([NH3+])C([O-])=O,-1585.682612532
OC1COC(=N)C11CO1,-1453.927057838
O=CC1CC2OC12C=O,-1438.546184739
CC1(C)OC1C#CC=O,-1601.584318101
CC(O)COC(=O)CO,-1651.698441859
CC1CC(O)C(=N)O1,-1504.1051875141
NCC1(NC1C#N)C#N,-1403.770890977
CC1NC1C1CC(C)O1,-1881.5016502941
c1c(cncc1O)N,-1355.009676623
CC1(COC1)NCC#N,-1670.555714818
C1CC23CN4C(CC24)C13,-1785.723069097
C#CCC1(COC1)C#N,-1537.3173563571
c1c(c(oc1N)C#N)N,-1384.588568356
OC1CN2CC1(C2)C=O,-1604.529845347
O=C1C(C2CN12)N1CC1,-1532.5275801601
OC1C(C#C)C1N1CC1,-1620.9743462011
C1CC2(C1)CCOC2,-1751.958064825
c1c2n(c(n1)CO)CC2,-1572.156028528
OC1CC2OC2C2OC12,-1544.891389987
CC1=C(C=CCCC1)C,-2078.020526351
CC1C2C3C=CC2C13C,-1920.1129065731
c1cocc1C2CC2,-1538.3703164591
O=C1NCC=CC2CC12,-1691.7259859511
CC(O)C12CC1N1CC21,-1732.180236163
C(CC=O)CNC(=O)N,-1669.303206854
CC1(COC1CO)C#N,-1621.299395863
CC1OC(C)=NC1C#N,-1601.928193033
N#CC1C2CC=CCN12,-1620.432805934
Cn1ccnc1COC,-1702.605109484
c1cnc-2nccoc12,-1367.472632872
N=COCC1NCC1=O,-1511.375506788
CCN(C)c1ncco1,-1705.428899984
CC1C2C3OC(=O)C3N12,-1483.7450305
OC1CC2CCC=C2C1,-1911.332173136
OC1CC11NC(=O)C1O,-1454.6016300131
C#CC1C=CCC11CO1,-1642.7143955061
CC(O)C(=O)CC1CC1,-1852.54461998
C(CNC=O)C#N,-1205.436631383
CC12CCC(C=C1)C2=O,-1805.2022034751
CCC(CO)OC=N,-1598.947525283
N=C1NCC11OC1C#C,-1412.619395386
CC1C2CC3C4C1C2N34,-1813.5769385891
CC12C(O)CC1NC2=O,-1631.569208157
C1OCC#CC=CC=C1,-1642.20360318
c1cocc(c1=O)N,-1289.979663935
CC1C2CN2C1(C)C#C,-1792.7059892491
CC1CC(=O)CC1=O,-1516.022838442
CC1C2CC(N2C)C1=O,-1780.5090968161
CC(C)(CC=O)CO,-1711.136094339
CC1=CCc2c1[nH]cc2,-1762.2925105461
CC1CCC1CNC=O,-1917.1805570161
CNC(=O)N1C2CCC12,-1680.583308638
C1C(CO1)(CCO)CO,-1769.329396472
CC(C)(C#CCC#C)O,-1748.050566282
OC1C2COC1C2C#C,-1581.088619143
NC(CC#C)C(O)C#N,-1555.4611515831
CN1C(COC1=O)C#C,-1523.713588746
CC12C3CC1(C3)CC2=O,-1722.7851714151
Cn1cc(c(c1)OC)N,-1692.047270559
Cc1c(c(co1)O)CO,-1587.294683153
CN1CCC(C#C)C1=O,-1688.2364084021
CCC1OC11COC1=O,-1572.7120015021
N#CC1COC1C1CN1,-1548.203382489
OC12CCC1(O)C2C#C,-1577.21249605
COC(=O)C1CCC1=O,-1597.291529032
N=C1NCC2=C1N=NO2,-1260.065682396
CC1[NH2+]CC1C([O-])=O,-1497.1065796371
CC1C2CC(=O)C1CO2,-1752.155102651
CCC1OCC1CC#C,-1868.118138342
CC12CN3CC3C1O2,-1513.469504321
Cc1c(oc(=O)[nH]1)C#C,-1425.746883666
CN=COC1CC1O,-1465.184569298
c1c(nc([nH]1)CC#N)O,-1392.6721392941
C#CCC12CC(C1)C2,-1644.140095954
NC1=C(N=CN1)C1CO1,-1473.889374146
CNC(CN1CC1)C#N,-1720.907036978
OC1C(O)C11CC2NC12,-1573.2748770751
c1cnc(nc1CO)O,-1450.458815595
C#CC12COC1CC=C2,-1644.9420524561
C1CC(C1)C2CCC2,-1908.1958831541
CC1OC(C2CO2)C1O,-1656.3627162561
OC1C2CC=CC1C2=O,-1625.0054640171
OC1CCC(=O)C2CC12,-1744.953809367
OC1C2CC1(CO2)C=O,-1552.2840735161
CC#CCC1CC1O,-1618.767397048
CNc1[nH]cc(n1)C#C,-1521.981036397
C#CC1CC2CC12C#N,-1589.6277616151
CCC1CN1C1CC1O,-1872.265972832
COC(=O)C1COC1=N,-1481.651660476
CC1(CN(C1)CC#N)O,-1677.357284869
O1C=C2C=CN=C2N=N1,-1251.902417815
COCCNC(=N)C=O,-1635.324222013
CN=c1cnoc(n1)O,-1297.80156362
CC(O)C=O,-946.537713145
C1OC1C1=CNC=N1,-1326.8640154461
C1CCC2(C1)COC2=O,-1762.0076214601
CC1C2OC(C#C)C12O,-1565.263469672
c1c[nH]c2c1[nH]nc2N,-1429.093389163
CCCC(C)C1CC1O,-2117.9344913141
CCC12NC1CC2=NO,-1632.741394969
CC(C)(C1(CC1)C#N)O,-1795.9219728741
CCN1CC2C(C#N)C12,-1716.804383136
CC1CCCC1CC=O,-2030.0556209181
CC1C2C(=O)C1C21CC1,-1752.797671867
CCC1CC(O)(C1)C=O,-1852.1110112611
CC1CC(C)C(CO)=C1,-2021.2221767251
COC1OC2CC2C1C,-1838.010884031
c1c[nH]c2c1OCCN2,-1586.444408458
O=C[CH-]C(=O)C1CC[NH2+]1,-1626.7060134071
CN1C2CC(C=O)=CC12,-1673.592858378
COC1OCC2NC12,-1462.57287684
N#CC1CC2C3CC3C12,-1704.461908615
CC1=C(CCCC1)C,-1942.575218737
C1COC1=NCCO,-1480.378444715
NC1=NC(O)=CC(=N)O1,-1344.509568526
C#CC1NC11CN2CC12,-1549.694343873
COC12CC1C=C(C)C2,-1892.904743842
N1C2C3OC4OC3C2C14,-1487.402780461
O=C1CCC11CC2OC12,-1596.429959175
O=C1CC2CC2N=CO1,-1528.1588625021
CC1CCC1NCC#N,-1845.2805757961
CCN1CC1CCO,-1739.813883148
CC12COCC1(N2)C#N,-1571.999151278
CC(O)C1=C(O)NC=N1,-1547.8582525391
[O-]C(=O)C12CC(CC1)[NH2+]2,-1638.414703838
CCC1COC(C=O)=N1,-1643.698329618
CC12C(O)C1CC2(C)O,-1828.000232954
ON=C1C(O)C2OCC12,-1404.677641482
CCC1(C)CC(C)C=C1,-2190.525359943
CC(=O)OC1CN(C1)C,-1748.919666247
c1c2c(co1)C=CC2,-1438.0379024491
CC1(CO1)C(=O)CO,-1425.092391779
COCC(C)NCC#N,-1793.5073182421
CC(C1CC1)C1CO1,-1734.4869592471
CCC1(CC=O)CC1C,-2014.7029857241
CC1OC(=O)C1C1CC1,-1746.0481850631
OCC1NC=NC1C#C,-1551.0522733491
N#CC1=CCC2OCC12,-1573.712250848
CC12C3CC(C13)C2=O,-1515.3852892981
CCOC(=O)CC1CO1,-1693.504973966
COC(=O)N(C=N)C=O,-1391.9530139801
CC1N=COC1C#N,-1335.223690344
CC1C2(O)CC(O)C12O,-1654.8654797821
CC1C(CO)CNC1=O,-1769.2176998701
CC12COCC3CN1C23,-1763.638517351
CC1=CC(C#C)C2NC12,-1697.6854389241
CC1(O)C2CC1(C2)C#C,-1732.837238086
c1c(non1)C(F)(F)F,-953.8645082291
COc1cnc(nn1)F,-1236.390395335
CCCC12CC(C1)CC2,-2176.8111507481
O=C1CC23OCC2OC13,-1418.580103377
CC1C2CC1C1CC1O2,-1875.7806507411
Cc1conc1OC=O,-1363.504265956
CC1CC2CC1(C2)C=O,-1900.3501381271
OC1CC(=O)C(=O)C1O,-1420.015843969
O=CCC1C2CC1C2=O,-1601.2680535651
COC1OCC(=O)C1=O,-1410.5724610281
CC12CN=COCC1O2,-1617.710671892
CC(C)(C)C(O)C(N)=O,-1882.115354096
CC12CC1C(C=O)=CN2,-1690.2193368421
c1cc(nc(c1F)O)F,-1247.2582237061
COC(C)C12CC1CO2,-1811.836228623
N#CC12CC1C1CN1C2,-1608.8966804781
CC(C)CNC(=O)OC,-1888.2793750031
CCC1(C)CC1(C)C#N,-1967.9265823371
c1cocc(c1=O)O,-1225.088330736
CC1=C(C)C2(C)OC2C1,-1905.6143111281
CC1NC2=NCCOC12,-1676.30871733
CC(=O)NC1C2CC1C2,-1783.481606949
CCC1=C(C)C(C)CC1,-2197.6519796561
CNC(=[NH2+])C1=CN=N[N-]1,-1419.975055884
CN(C)c1ncco1,-1448.516047731
CC1C(O)CC1CC#C,-1869.910931555
NC(=O)C(O)(C#C)C#N,-1293.080185904
CC(C)(CC(=O)N)O,-1631.349580007
c1c(c([nH]n1)N)CC#N,-1435.066647334
CCC1OC(=O)C1C,-1618.146163138
O=C1CC2(CC#C)CC12,-1646.6244040851
COC(C1CO1)C(C)=O,-1668.892188459
OC12C3NC1C3C2C=O,-1456.113299194
CC1C(CCO)C1C#N,-1793.474060265
CCC1CC2=CCCC12,-2055.853770926
CC12CC1C1OCC1=C2,-1753.8380817891
NC12CC1N1N=CN=C21,-1376.482407094
C1CC23CC4C(O2)C4C13,-1760.2468312061
CC(C)(C)C12CC1CO2,-1989.5342272431
CC1OCCC1(N)C#N,-1695.024800764
OCC12OCC3C1NC23,-1579.2625679531
CN1C=CC=C1OC=N,-1590.902859903
CC12NC3=CC(=O)C1C23,-1499.873266818
CC(C)(COC=O)C=O,-1706.963159489
CN1C2C=CCC12C=O,-1672.4966001551
CC(CCO)C(=O)CO,-1803.090008181
CCc1c(cn(n1)C)C,-1875.3188041171
CC(C#N)C1CCC1C,-1965.634919469
C(C#CC=O)OCC#N,-1382.1670111251
COC1C(C)C2CC12C,-1990.996323213
N#CC12CCOC1CO2,-1512.972517193
C1CC=C(C1)C#N,-1358.728922466
CC(=O)C1(CCO1)C#C,-1598.412887615
C1CC12COC(=O)CO2,-1578.0985387581
COC1CC=CC=CC1,-1899.2444672691
CC1CCC(C=O)C1=O,-1765.1119084831
COC(C#C)C(F)(F)F,-1275.1491162291
N=C1OC2CC2C11CO1,-1498.793951338
C1CC23C1CC1C2CC31,-1903.847245784
OC1C2CN2C2CCC12,-1763.413869129
OC1CC=CC1(O)C#N,-1524.814867041
CCC(=NO)C(=NO)C,-1593.429838646
CC12CCC1(C#C)C2O,-1749.3168794441
c1nc2c(o1)CCC2=O,-1438.049197611
CC1OC2COCC12,-1585.655629645
CC(=O)N(C)C(=O)OC,-1616.1067588881
CC12CN1C(=N)C21CO1,-1532.982524185
c1c(oc(=O)c(n1)O)F,-1145.5289746621
CC1C(O)C1(O)CC=O,-1675.678070785
OCC1(O)CCCC1=O,-1700.703757214
Cc1cn2c(n1)CC2,-1490.252926339
CC1C(O)C(C)C1C=O,-1845.799525739
N=C1C2CC(C2)N1C=O,-1581.820294637
CC1(CO1)C(O)CC#C,-1699.835912267
CN(C=O)C1(CC1)C#C,-1662.231180424
N=C1ON=CN=C1C=O,-1173.126192973
CC(C)Cc1ccc[nH]1,-1987.1427904441
CC1(C=O)C(O)CC1=O,-1580.2182641601
OC1CC(C=O)C2OC12,-1564.9308899021
CC(C#N)C(C)=O,-1310.3122105531
C1CC2C3CC1C2C=C3,-1960.8564384341
CC1C2CC1(O)C=CC2,-1896.7181160351
CCC(=O)C1C2CCN12,-1773.9051921
C#CCNc1ncco1,-1454.882754045
C1OC1C1=CNN=N1,-1196.1595383271
Cc1ccc(nc1C)C,-1897.0896013631
COC1CC2(O)CC12O,-1649.253039286
OC1C=CCC1=O,-1238.7680269361
C1C(=NO)CNC1=O,-1272.536168753
CC1CC(O)C(=O)CN1,-1755.6685255421
CC#CC1(CC1)C=O,-1518.3628195031
O=CC12CC1(CN2)C#N,-1447.7059336121
Cc1cnnn1CC#C,-1498.7575558161
C1CN1C2=NCC(=O)N2,-1484.0430972751
COC1CC2NC(=O)C12,-1622.288977556
CN1CC1(C)C(O)CO,-1827.864063501
CC[NH+]=C(N)CC([O-])=O,-1674.013289408
C1C2CC3COCC2C13,-1893.0120478811
O=CC(C#C)N1CC1,-1381.3556419881
CC1CC2CC1(O)C2=O,-1738.5921231251
C1C2NC1C1=C2NN=C1,-1486.4477117631
COC1C2CC(CO)C12,-1813.0674012811
Cc1coc(n1)NC,-1457.104135905
OC(C#C)C1CC2OC12,-1566.7644712
COC12CC(OC1)C2C,-1825.591225903
CC1NC11CNCC1=O,-1683.670025409
C1C2C3OC3C3OC2C13,-1577.75842888
OC12CC(CC1)C21CN1,-1764.867807482
OCC12CCN1C(=O)C2,-1617.9510078391
c1c(c(no1)C#N)CO,-1294.752497389
CC(C)c1cc(no1)N,-1693.2859733251
NC(=O)C1COC1=O,-1248.335656659
COC1C(C)C2OCC12,-1816.218751479
CCCC(O)CC#C,-1739.43612273
OCC12CC(C1)C21CC1,-1848.632101365
CC1C2OC1C2=O,-1186.753805926
CC1(C)OC(=N)C1(C)O,-1750.033494722
CC1C2OC3(CC3O)C12,-1689.070367863
CCC(C)(C#C)C(C)O,-1995.2414215981
CC1CC2CC2(N1)C#N,-1740.4978679581
CC(O)C12CC(O)C1N2,-1710.9842371611
CC1CC(C1O)C(C)=O,-1855.9093232381
CC1CCCC(C)C1=O,-2043.829443468
CC#CC1CCCC=C1,-1949.4025166571
CN1C2CC3C4C1C2N34,-1690.071244718
CCC(C)C1CC(=O)O1,-1871.7426303261
CN=C1N=NOC(N)=N1,-1314.381606418
C1OC2C3OC3C2O1,-1279.800212937
CC(O)C(O)(C#C)C#C,-1569.986729915
CN=COCC(O)CO,-1678.282860644
CCC(C)C12CC1CC2,-2162.7888346341
CC1CN1C1COC1=O,-1621.601227692
CCN1C2CC(OC)C12,-1866.620274359
CNc1cnc(o1)O,-1284.786399451
C#Cc1ncc(=O)[nH]n1,-1237.02104188
O=COC1CC1CC#N,-1527.8469905291
NC1C(C#N)C11CCO1,-1553.742404432
CC1CC2=C(NC=C2)O1,-1699.3803407331
Cc1cnc(cn1)NC,-1669.069145997
CCC1=CC(CC1)OC,-2017.9377946191
CC(C#N)C1(C)CO1,-1538.578021938
CC(COC=O)C#N,-1399.023157883
OC12CCC(O)(CC1)C2,-1858.589414177
CC#CC1(C)CC(=O)O1,-1630.8632605321
COC1C(=N)NCC1=O,-1529.6912394801
CC1OC2C3COC2C13,-1717.9633922591
CNc1coc(n1)N,-1344.788810031
NC1=NCC(O)CC1=O,-1544.532454839
Cc1coc(c1C)C,-1675.954174745
CC1C2[NH2+]C1C2C([O-])=O,-1574.3968631671
CCn1cccn1,-1357.914415784
CC1C(O)C1(C=O)C#C,-1599.621469949
CCc1c(cccn1)C,-1890.506404444
N=C1OC=NC(=N1)C#C,-1237.193606855
CC1CC2CC12CC=O,-1889.2168734491
N=C1OCC(=O)OC1=N,-1268.875281247
O=C1C2CN(C2)C1C#C,-1526.530476647
CCCC1OCC1C,-1864.5802426001
CC#CC(OC=O)C#C,-1479.888987695
C1C2CC3CCC1C23,-1800.04721704
OC12C3CC1OCC2O3,-1545.6105153011
O=C1NC2CCC2C1=O,-1542.410219401
OCC12CC1C1NC21,-1475.652046927
CC1=CC2CCC1OC2,-1909.6548415791
C#CCC1NC1C1CN1,-1679.671538061
CCn1nc(c(n1)C)C,-1765.508494171
OCC1=NC(=N)NC=N1,-1390.577514252
O=C1CC2CC3C2C13,-1531.521683233
C#CC#CCC#CC=O,-1398.5851566011
C#CC1C2NC1C1OC21,-1496.5267613211
N#CC1NC11CN2CC12,-1473.839800935
CC1NC(=O)C1(C)C,-1674.192129473
CC(C)Oc1cocn1,-1648.311148277
C#CC1C=C2CC3C1C23,-1634.1928232861
COC1C2OC1C2(C)C,-1791.915327909
CN=C1NC(=N)ON=N1,-1231.962691831
OC12CC(C1)OC21CC1,-1707.18843522
CCOC1CCC1C#N,-1792.810783252
O=C1OC2C3CC3OC12,-1458.0479094411
c1nc(c(o1)N)OC=O,-1273.612346688
CC12NC1CC1OC21,-1512.179973326
CC12CC1(CC2O)C#N,-1675.8016900581
CC(C)(C)OC(=O)NC,-1891.910769586
OCCN1N=NOC1=N,-1279.072302497
CC1OCCN=CO1,-1491.301493878
c1[nH]c(c(n1)C=O)N,-1242.231249107
ON=C1C=CNC1=N,-1198.694047178
CN1C(=N)CC=CC1=O,-1612.398808207
CC(=O)OCC(F)(F)F,-1283.4454127181
C1=CC(=O)c2c1nn[nH]2,-1244.217942601
CC1OC2C1CC2(C)C,-1997.727612256
CC12CC(CO)C1C2O,-1822.560357433
CN1CC2OC(C1)C2=O,-1612.112664103
CCc1cccc(=O)[nH]1,-1732.8435131761
COC1C=CCC1(C)O,-1845.520911743
Cc1nc(c(o1)N)NC,-1601.959568483
OC1C2C3C2C1(O)C3=O,-1434.6788467721
CC12OC3CC1C2(O)C3,-1733.184250563
OC1C2C3C2N(C=O)C13,-1485.6319500631
OCC1(CO1)C=O,-1160.200762591
COCC#CCCCO,-1818.3165140661
CC1C2CC1(C)C2O,-1727.205344811
O=CC1C2C3C=CC2C13,-1638.4391766891
OCC1(CN2CC12)C#C,-1619.38737594
CC1(C)CC11CC2NC12,-1919.4715923751
COC1=CC(=N)N=CN1,-1488.2831755881
CCC1CN1CCC=O,-1892.584086743
CC(C)n1ccc(c1)O,-1813.9936045651
C1C2OC3C4CC3(C4)C12,-1720.784045214
Cc1c[nH]c(c1NC)C,-1872.748527253
CC(CC=O)C#C,-1377.0408901041
CC1CC11N2CC1(O)C2,-1732.040301656
CC1CCC(C)(O)CO1,-1973.1851077571
C1C=CC(=O)C12COC2,-1627.5556605931
N#CC12CC(N1)C21CO1,-1401.583394603
CC(C)C(C)C(=O)C#N,-1813.2211409861
OCC(=O)C(C#C)C#N,-1390.2198341221
CC1OC(=N)CCC1O,-1755.337828299
O=C1CC2(O1)C1CC2O1,-1424.317418164
N=C1NC(=N)NC(=O)N1,-1313.768530125
C#CCCC#N,-1071.663007745
O=CNC1C2CCC1O2,-1629.883091474
OC1C2CC1(CC#N)C2,-1657.072428935
CC1(C)OC2C3CC2C13,-1876.17660892
CCC(C)C1(CO1)C=O,-1843.2229737851
CC1OCCC2(C)OC12,-1846.1565783601
CCC(O)CC(C)C,-1991.785102026
CC(C)N(C=O)C(C)C,-2039.898727092
C#Cc1cccnc1,-1381.623588331
CCOc1c[nH]c(=O)[nH]1,-1554.6660976801
OCC1C(CC1=O)C=O,-1577.121507245
C#CCC1(CO1)C#C,-1358.0066596071
C1C(CO1)OC=O,-1169.354236374
OC1C2CCC1(N2)C#N,-1564.971050478
O=C1CC2NC1CC=C2,-1695.583911283
CCC1COCC11CC1,-2005.465425735
CC1(CC(=O)CC=C1)C,-1924.9535109991
O=CCCC#CC1CO1,-1594.4357355731
COC1COCCO1,-1532.337444933
CCc1ccncc1N,-1778.5537787721
CC1=CC(=O)CCOC1,-1749.920543102
COC1C2COC1CO2,-1668.3424905751
CN1CC2(CN2)C1=O,-1423.664181295
C1C2OC3C2CC=CC13,-1778.339798203
CC1C2OCC3OC3C12,-1710.371160868
CC1OCC23CC12CO3,-1698.337420775
NC(=O)C12CC3CC1C23,-1671.009403825
OC1C2CC3OC3C12O,-1544.1597144931
CC1OC1CCCCO,-1948.3959922211
COCC12CC1CC2C,-1987.1101599761
CCC(=O)OC(C)CO,-1824.820644851
CC1CC2NC2C1C#C,-1811.5701648071
CC12COC3CC1C2C3,-1905.422920883
OCC(=O)C(O)C#N,-1218.936860009
OCC1(CC1C#N)C=O,-1520.7530012841
O=CNCC1CNC1=O,-1553.4242573691
COC1CC2(O)COC12,-1645.556383767
CCc1c(non1)CC,-1675.730154032
CC1C2OC3CCN1C23,-1768.352364959
C1COCC=C1NC=O,-1648.1216405591
CC(C)C#CC(=O)C,-1648.2013342021
CCC12CCC1(CO)N2,-1878.3063744661
c1cncnc1CC#N,-1450.95141016
COC1COC(=O)O1,-1294.150716258
N=C1NN=CC=C1C#N,-1315.354245368
C1Oc2c(noc2O1)O,-1154.910234212
CC#CC(=O)CC#N,-1319.1086317151
CC1CC(=O)N1CC#C,-1674.386657263
CC(O)(C#N)C(O)C=O,-1473.4250174861
CC1OC2CN3C2C13C,-1765.312711363
CC12CC3(CC3)CC1O2,-1892.1398103711
CC(=O)C12C3CC1CC23,-1769.974475724
O=C1CCCC2CC2O1,-1746.233927727
N=C1COC(O1)C1CN1,-1509.658642164
COCC(=N)OCC#C,-1593.215230568
N=C1CC2CC(CO1)O2,-1622.5362161021
Cc1c(=O)c(non1)C,-1388.951638433
O=CC(CCC#C)C#C,-1636.362749408
O=C1C2C3C2N1C3C#N,-1318.3575034421
C#Cc1c([nH]c(n1)O)N,-1362.260543118
CC12C3OC1C1(CN1)C23,-1613.053300094
CC12C3C4C3C1(C#C)N24,-1523.6997835481
COc1c(onn1)C=O,-1228.962571302
CC(O)C1C2OC1C2C,-1800.3760317561
COCC#CCCO,-1563.138724198
CCOC(C)C(C)CO,-2069.904952454
C1C=CC=CC(=O)CO1,-1624.6358612161
C(c1c(n[nH]c1O)N)O,-1426.335487108
O=C1CCC2OC2CC1,-1740.9277116231
c1cc(oc1)OC2CC2,-1620.823116532
Cc1nc(c(o1)N)C#C,-1470.2962576121
CC12CC1CC1CC21C,-2054.6037729981
CCCOCC(O)C=O,-1796.3405213771
CC1C2C3OC3C1C2C,-1864.8670142131
CNC(=O)C(=O)C1CC1,-1655.479183584
COC(C#N)C(C)C,-1657.695545372
CC1COC1CCO,-1691.015645763
CN=C(CC#C)OC,-1510.170061999
C1C2OC3=NCCN1C23,-1536.3070668671
Cc1c(c(cn1C)N)O,-1704.5654476
COCC1CCCCO1,-1959.8950946461
CC12CC(=O)C3CN1C23,-1669.190882743
CCC1(C)OCC1C,-1867.1247915951
CCC12NC1CC(C)=C2,-1954.264456389
CC12CC(C)(O1)C21CO1,-1683.6022544371
O=C1C=CC23CC12OC3,-1481.2199342841
CC1CCCC(=O)C1O,-1870.4323915341
N#CC1NCC1C1CN1,-1600.011153038
CCC(O)C(C)C=O,-1714.976449419
OCC1COC2C(O)C12,-1661.934368667
CC1(CO1)C1(CC1)C=O,-1722.56868081
Cc1c(n(nn1)C=O)N,-1371.013666159
NC=N[C-](C#N)C(N)=[NH2+],-1443.817887848
N#CC1N=C2CC3C1N23,-1343.961753169
C1COC(=N1)CC#N,-1339.994641271
CC(CC(C)=O)C1CC1,-2021.9620098361
CCc1c(oc(n1)N)N,-1608.479386993
CC1(CC(CO)O1)C#N,-1625.6166577831
CC1(O)C2CC(O)C1O2,-1659.461355698
N#CC1=CCC2NC2C1,-1631.758088366
C#CCn1cccc1,-1471.7966316311
N=C1CC(C#C)C(=O)N1,-1476.174134415
O=CC1CC2=NC=CN12,-1463.622071888
CC12CN3CC1C23C#N,-1589.075553695
CC12OC(=O)C1C1CC21,-1614.846720816
CN=C1CNCC(=O)O1,-1544.002209734
CC1NC(=O)N(C)C1=N,-1627.804154157
CC1C=CC(O)C1=O,-1496.0498544811
CC(=N)N(CC#C)C=O,-1570.082111283
c1c([nH]c(=O)c(=O)[nH]1)N,-1349.178235486
COC(C=O)C(C)C#N,-1635.312926851
C1COCC=CNC1=O,-1641.290577585
OC1CC2(C1)OCC2O,-1657.4326191011
O=C1N=NOC(=N1)C#C,-1120.151255684
COC12CC3OC1C23,-1422.297466693
CC(O)C(O)(C=O)C=O,-1522.323656311
C1OCC2C3OC2C3O1,-1516.82730498
CCNc1c[nH]c(n1)C,-1774.302405297
CCC12C(C)N3C1CC23,-1900.7498613601
CCC(O)C1CC=CC1,-2020.646750972
OCC1CC2C(C#N)N12,-1543.3157148881
Cc1ccccc1O,-1578.7204001771
N=C1OC=CC=CC1=O,-1415.878049623
C1N=CN2C3C4OC13C24,-1376.489937202
C1NC1C1CC2CN12,-1542.096464901
Cc1nnc2n1nno2,-1102.904798328
CC1(CO)OC(=N)C1N,-1631.496417113
CC1=CCCC2OCC12,-1899.2865103721
CC#CC1C2C3CC1C23,-1790.4695471731
C1C2CC3=C(ON=N3)C12,-1441.185487593
CC12C3C1C1(O)C2C31O,-1544.9993215351
CC12OC1CC21CC1,-1612.539370223
CC1C2OCC2C11CC1,-1866.695575439
COC1C(CO)C1C#C,-1691.127969874
O=C1CC(C1)C1CO1,-1468.859889511
c1nc2n(n1)CCN2,-1284.2643119631
CC12OC1CC=C2,-1385.666001309
C1COC(=O)C1=NO,-1206.315771492
CC1CNC2=CN=NN12,-1523.684095823
C1C(CO1)OCCO,-1514.44277078
CCC1CNC(=O)C=C1,-1825.080433577
COC1CC11CC(=O)N1,-1619.8736954151
CCC12CC3CC1C2C3,-2076.0087324971
CC1C=CC2(CN12)C#C,-1695.9980672231
CCC#CC(O)C(C)=O,-1733.506790189
C#CC12NC3CC1NC23,-1560.528914267
CC(CO)C(=O)CC#N,-1645.418959296
CC12OC3C1NC23C=O,-1449.121593916
CCOC1C2OC1C2O,-1625.908449468
N=C1OC2CCCOC12,-1628.459901062
CC1C(C)C1(O)CC#C,-1872.3055058991
OC1CCC(=O)C1=O,-1336.0137241751
CC1(CC1(O)C#C)C#C,-1619.2756793381
C(C1CO1)C1CO1,-1306.51766363
CCC12NC1C=CC2=O,-1681.658859064
CC1C(O)CC1C(C)=O,-1856.490396572
C#CC(CC=O)(C#C)O,-1461.789745608
CCOC1CC2OC2C1,-1838.711184075
CC1C(COC1=N)C#C,-1675.468482779
CC1CC(C1)(C#N)C#N,-1636.7587075871
ON=C1C2CC1OCC2,-1586.4418984221
CC1=CNC(=O)N2CC12,-1589.946536187
C1C2CC3=C(COC3)C12,-1781.2432823461
CC12C3CC1COC2C3,-1888.6822357811
C1CC23CC4C(C2)N4C13,-1811.9385125901
N=COC(C#C)C#N,-1178.107359415
CCC(C)([NH3+])C([O-])=O,-1627.2362585121
CNC(CC1CC1)C#N,-1842.395916923
CNc1ncc(o1)C#C,-1464.023677648
CC1CCCC2OC12C,-2019.5586503661
CC(=NO)C1NC1(C)C,-1765.518534315
CC1C2OC1(C)C2CO,-1803.713752127
CC1C(=O)C2CC1(C)O2,-1736.5069107181
CC12OC1C=CC2=O,-1370.66163361
N=C1OCOC2COC12,-1449.66501671
CC(C)NCC(F)(F)F,-1591.7374468731
CC1(C#C)C(O)CC1O,-1701.859001283
OCC1(CN=CN1)C#N,-1477.535828945
CC1(NC1C#C)C=O,-1396.79110837
COc1c(cc(o1)N)O,-1467.61177411
CC#CC1CCC2NC12,-1824.406488911
c1c(c(cnn1)F)F,-1009.459295593
c1cc2c(c[nH]n2)nc1,-1444.118464659
c1c[nH]cc(c1=O)CO,-1550.069594255
OC1CC(O)C1C#C,-1448.1834679611
CC1C2CC1N2CC=O,-1744.834582657
CCOC(CO)C1CN1,-1827.456182651
COC1CC2(CC2O)C1,-1818.277608508
c1cc(ncc1N)F,-1284.536650869
CC1=CC(=O)C=CCC1,-1810.363465
CC(C#C)C1(CN1)C#N,-1595.1115627661
OC1(C=O)C2CCC12,-1466.630350034
CC1CC=CCOC1C,-2014.7374987191
CCCC1CCC1CC,-2289.9441208491
CC(C)Cc1cc[nH]n1,-1872.3136635161
CC#CC1(CC1)CC#C,-1796.2325898291
CC12COC1(CO2)C#C,-1574.573820705
Cc1cc2c([nH]1)NCC2,-1757.3646823691
Cc1c(coc1N)C=O,-1544.368047481
ON=C1C2CC(O2)C1O,-1414.006817785
CCC12COC1C(C)C2,-1995.3029174801
c1cnc2ncnn2c1,-1339.463768657
CCC12NC3C1OC23,-1465.492048708
CC1(CCC1)C#CC#N,-1722.9075356701
CC1C2CC=CC1CO2,-1909.3868952361
C1CC2CCC3OC1C23,-1906.9803982211
C1C2NC2C2=NC=NN12,-1411.498664312
CC(=N)OCC(C)(C)O,-1866.472809744
O=CC1CN1C(=O)C#C,-1378.965460207
C1C2CC1C1C3OC1C23,-1725.8988710731
Cc1c2c(on1)CCO2,-1506.057368013
C#CCC1CCC11CO1,-1743.9039868101
C1C2C3C4C(CN23)N14,-1460.4054607541
C#CC1CCC11CN1,-1543.1701328
CC1(C)NC1C=O,-1391.339937687
CC1=CC(=N)NC(=O)C1,-1620.9166153731
CN(C)C(=O)CCCO,-1869.610354744
COCC1COC=NC1,-1740.49661294
CC1C2CC3CC1(C)C23,-2042.756403078
O=C1CC2OC12C1CO1,-1422.913680531
[NH3+]CC1=NC(=O)C=N[N-]1,-1378.612800149
CC(N)C(N)C#N,-1349.326955119
OC1C2CC1C21CO1,-1422.707857579
COCCC1COC1,-1682.286368064
CC#CC(=NCC#N)N,-1517.3198995451
c1c(ocn1)OCCO,-1471.967314079
Cn1c(ccc1OC)N,-1697.4200026171
OC1CC1C12CC(C1)C2,-1852.244043169
CCn1c(ccn1)NC,-1754.913632215
C1CNc2c(non2)N1,-1337.98096489
CC1CC[NH2+]C1C([O-])=O,-1771.235141305
CC1CC(C)=CCC1=O,-1929.3755669221
CCC1=CN=NNC1=N,-1519.197406473
NC(=O)CC(CO)C=O,-1602.8663189881
O=CC(=O)C1C2CC1C2,-1596.633272091
CC(NC(C)(C)C)C#N,-1971.769447453
CN1C=NC(=N)N=C1C,-1551.113141722
O=C1OCC2CN2C1=O,-1363.5205811901
CC1CC2(CC2)C(C)O1,-2013.7033638871
CCC1(CC1O)C(C)=O,-1852.50069435
NC12CC1(C#N)C1NC21,-1485.165083367
OC1C2NCCOC12,-1458.236162141
C1CN(C(=O)N1)C(=O)N,-1469.245180037
CN1CC1C(N)C#N,-1469.573367244
C1CC11C2C3C2C2C3N12,-1679.8704584141
N=C(CC#C)OC=O,-1254.160822706
CC1CC=CC1(C)C,-1934.7696342861
COCC1OC(=O)C1N,-1578.660159313
N#CCCC1C2CCC12,-1835.72737878
COC1C=C(C)C2OC12,-1716.0061916881
COc1cc(c([nH]1)N)O,-1529.3850150881
CC(=O)C1NCC2OC12,-1625.080137588
c1c(=O)c(c(on1)O)N,-1245.454135331
O=CC1C2C3CCC2C13,-1767.593706578
CCn1c(=O)n(nn1)C,-1484.243272646
CC(=O)OCCC#N,-1410.859232641
C1COc2c1c(no2)O,-1343.868254328
CCC1=CCCC1C,-1938.2065010791
CC1C2COC1C2CO,-1824.9800321371
COC(=O)C1NC1(C)C,-1749.9343483
OC1CC=CC1OC=O,-1588.004395832
CCC(=NO)C(=O)NC,-1634.425001616
CC(C)(C1(CC1)O)OC,-1944.3636193871
C#CC(=O)CCC1CC1,-1766.54451153
CCC12CC3C1N3C2=O,-1657.1897731181
CCCNc1ncon1,-1585.311127204
CCC1(CC)CC1OC,-2112.0396717681
CC1NC11C2CC1(C)O2,-1733.1509925861
C1OC2CC=CC3NC123,-1654.1858875351
COCC1(CC1)NC=O,-1740.4062516441
COC12CC1C(=O)CC2,-1739.876634048
O=C1CCC(O1)C#N,-1297.332186888
OC12CC1N=C1OCC21,-1479.903420402
CC12CC1(CO)N1CC21,-1749.508897198
CCc1cc([nH]c1)OC,-1812.223401676
CC1C2C3N2C1C31CC1,-1794.5609058531
CC12CC1(O)CC(=N)O2,-1632.974200808
OC1CCC1CCC#N,-1795.2241828661
Cn1ccc2c1[nH]nc2,-1533.680941702
OC(C=O)C1(CN1)C#N,-1402.130582451
CC(N1CC1)C(=O)C#N,-1565.3921090171
CC(O)C1OCC1(C)O,-1783.1910702821
OC1C2CCC1C21CN1,-1762.74808208
OC12CCC1C2C=O,-1462.272300029
CC1=C(C)C(O)CC1,-1773.644148356
CC12CC3(C1)OC(=O)C23,-1560.9813482561
CC(O)C1=NN(C)C=C1,-1703.383848153
C1C2N1C13CC21CC=C3,-1668.791787019
O=CC1NC2(CC12)C#C,-1517.1109390481
CC1CCC(=O)C=C1N,-1825.8372094311
CC12CN1C(=O)CC=C2,-1691.163737887
CC(O)C(C)CC(N)=O,-1882.0086775661
OC1CC(=O)C(=C1)C#C,-1508.522850874
C1CC2=C(O1)ON=N2,-1166.651555111
C#CCC12CC1CO2,-1481.0354466381
Cn1cc(n(c1=O)C)N,-1615.433441731
CC1=NC(O)=NC(=N)O1,-1345.772116634
CC1OC2CCC12C#C,-1747.211586749
C1CC1CC2=CCOC2,-1890.6601441491
COC1CC2OC2C1O,-1665.8531623721
CC12CC3(O)C1N2C3=O,-1490.842784799
NC(=O)C1C2CC1C2O,-1612.937838438
CC1CC([NH3+])C1C([O-])=O,-1758.7069241201
OCCC(C#C)C1CN1,-1747.2737101401
CCC#CC1COC1=O,-1624.0861633321
Cc1cnc(o1)C=O,-1291.8527783
CC1(CC1(O)CO)C#C,-1703.81871189
NC(=O)C1CC(N1)C=O,-1534.856266059
CC(CO)N(C)CC#N,-1792.111110717
OC1C2CN=C3OC1C23,-1469.538854249
CC1(C)C(O)C1(O)C#C,-1700.979233665
N=C1OCC(=O)C1C#N,-1320.601475626
COc1c(nno1)CO,-1337.1645756811
CC1COC2COC2=N1,-1616.674654533
C#CCc1c(n[nH]n1)N,-1396.373187376
OC1CC=C(C=O)C1O,-1584.5512138051
CC1=CC2CC1C2C#C,-1798.3805531361
CC(=O)C(O)C=O,-1188.556011774
CC1CC(CO)CC1C,-2133.9020853281
c1cocc1CO,-1236.298779021
CC1CC11CCC=C1,-1811.026742013
C1C2CC3CCC1C2O3,-1905.3363246411
ON=C1C=CC2COC12,-1482.306152363
COC1CCCCOC1,-1952.1899116351
CC1C2CC2(O)C1(C)C,-1995.7572339961
CCC(C)(C=O)C1CO1,-1838.5317165011
C1C2N=COC3CNC123,-1549.761487336
CNC1C(=N)OC1(C)C,-1799.06202791
C(=N)NC(=N)C(F)(F)F,-1158.0176587801
OC12CC(C1)C1(CO1)C2,-1712.465158401
c1nc(no1)OC(=O)N,-1163.713557973
CNC1=C(OC)ON=N1,-1410.404288616
CCC(C)C(CO)C#C,-1991.6859556041
CC12C3C4C3C3C1C2C43,-1800.1595411511
OCC1N2CCC12C#N,-1545.072112579
OC1CC2C3CCC1C23,-1901.9885641261
CC1C2N3CC1C23C=O,-1644.689793838
CC1C2C(C)N1CC2=O,-1778.5795066411
N=C1OC2C3C4NC13C24,-1385.833546212
C#CC1OC2CC12C#N,-1409.872160984
CCC1(O)C2CC=CC12,-1895.530241498
CC1=CC2OC2(C1)C=O,-1623.057676081
Cn1ccc(=O)cc1,-1459.971852035
O=C1NCC2(NC12)C#C,-1447.73856408
Cc1c(cc(n1C)O)O,-1649.404268955
N=C1OC2CCCC12,-1551.057293421
CCCCOC(C)CO,-2072.708662666
CNc1c(nc[nH]1)NC,-1648.476183144
C#Cc1cncoc1=O,-1306.505740959
CCC1(NC1C#C)C#C,-1674.330181453
CC1CC(=O)OC1C#N,-1554.347950617
N=COC(=O)CC1CO1,-1469.733382039
COCC(CC#C)C#C,-1734.2685861151
CC1C2CC1OC(=N)O2,-1627.85874744
CCC1CC1C(=O)NC,-1924.5625728921
OCC1CC(O)(C1)C#C,-1699.3113147431
CC1(CC1)C1CC2CC12,-2033.548336012
CC12NC1C(=O)NC=C2,-1590.027484848
CC12CC(O)C1CCC2,-2015.7622209161
OCCC1OCC=C1,-1589.010292759
Cc1cc(c(o1)O)OC,-1580.599162123
O=CN1CC2(CC12)C=O,-1512.2188788841
C#CC1NCC(=C1)C#N,-1496.37051158
COC1OCCC1O,-1540.715945101
CCC(C)C(=O)CC=O,-1870.1700927721
CC(CC(C)C=O)C=O,-1865.6865409671
OCCC12CC(C1)CO2,-1830.2655404441
CNc1cc([nH]c1)N,-1500.973290095
CN(C)C1=C(N)ON=N1,-1470.342693278
O=CC12CCC(=O)C1N2,-1526.1583638101
CC1CC2CC2C2OC12,-1888.7368290641
NC(=O)CC1CC(O)C1,-1757.8472367901
CCC1CCC11CC1O,-1994.2336421441
COC1C2CC1(C)C2O,-1809.3318402041
c1c(con1)C#CC=O,-1273.7353384521
CC1(NC(=O)C=C1)C=O,-1552.941702948
OCC(O)C1CCCC1,-1965.69704286
CCc1c(nno1)CO,-1513.4720143571
CCCC1CC2(C1)CC2,-2165.1840364871
CCC(OC)C#CC#N,-1669.027102894
O=C1CC23CC(CC12)O3,-1597.028602761
OCC1CC(=O)CN1,-1494.0838687841
O=C1OCC2CC12,-1245.0901801111
C1CN=C2OC3C(N1)C23,-1523.406736845
C1C2CCC3OC3CC12,-1884.3699939331
CC1CCCCCOC1,-2122.8353366041
C#CC1CN=C(O1)C#C,-1416.721421719
C#CC1CC2CC(C2)C1,-1927.922883587
N=COCC1=NCCO1,-1527.616694726
CC1=NC(CO1)(C)C,-1675.182338675
OC1C2CC11NC(=O)C21,-1446.406362473
CCC1C(O)CC1C#N,-1796.9266147831
CCC1=NON=NC1=N,-1309.327021423
CCC1(C)CN1C1CC1,-2044.640812605
COCC1CC2(CO2)C1,-1818.0630004301
CC1=CC(=O)OCCN1,-1645.105832305
OC(C#N)C(O)C1CO1,-1449.796166091
c1c(nc([nH]1)CO)C=O,-1439.914154359
CC1C2OC1(C)C21CO1,-1676.762406337
N#CC1NCC2CC12,-1477.905431746
CCC#CC1OCC1C,-1875.2008324251
CC1(O)C(O)C2OCC12,-1656.595522095
OC1C=CC2C3CC1N23,-1652.722536547
CN1C2CC2(O)C1=O,-1362.432480584
CCC1(C)CC(O1)C#N,-1797.1945611261
C#CC1CCN1CC#N,-1592.349268148
O=C1CC2C3N2CC=C13,-1534.8625411491
CCCC(O)C1CN1,-1746.848886547
Cc1ccnc(c1F)O,-1488.6985865461
OCC1CC1C1(O)CC1,-1818.4351132671
CC12CC3OC1(C=O)C23,-1585.513812611
O=CC12C3CC(C13)C2=O,-1494.8105242061
